{"ratio": [], "shift": [["can have,VERSION", 0], ["can have,EXTENSION", 0], ["can written,AUTHOR", 0], ["can written,COMMENT", 0], ["add,VERSION", 0], ["add,SCENARIO", 0], ["can be,COMMENT", 0], ["can be,SCENARIO", 0], ["add objectifs,OBJECTIFS", 0], ["add objectifs,SCENARIO", 0], ["is create,AUTHOR", 0], ["is create,SCENARIO", 0], ["add rules,SPECIAL RULES", 0], ["add rules,SCENARIO", 0], ["behaves,DIFFICULTY", 0], ["behaves,SCENARIO", 0]], "colors": [["annotation_color", "#b2182b"], ["annotation_text_color", "#ffffff"], ["association_attribute_text_color", "#000000"], ["association_cartouche_color", "#f4a582"], ["association_cartouche_text_color", "#000000"], ["association_color", "#fddbc7"], ["association_stroke_color", "#d6604d"], ["background_color", "#ffffff"], ["card_text_color", "#4d4d4d"], ["entity_attribute_text_color", "#000000"], ["entity_cartouche_color", "#bababa"], ["entity_cartouche_text_color", "#000000"], ["entity_color", "#e0e0e0"], ["entity_stroke_color", "#878787"], ["leg_stroke_color", "#d6604d"], ["transparent_color", "none"]], "cy": [["can have", 43], ["EXTENSION", 43], ["COMMENT", 43], ["can written", 43], ["VERSION", 135], ["add", 135], ["can be", 135], ["AUTHOR", 135], ["OBJECTIFS", 253], ["add objectifs", 253], ["SCENARIO", 253], ["is create", 253], ["SPECIAL RULES", 371], ["add rules", 371], ["behaves", 371], ["DIFFICULTY", 371]], "cx": [["can have", 62], ["EXTENSION", 183], ["COMMENT", 304], ["can written", 415], ["VERSION", 62], ["add", 183], ["can be", 304], ["AUTHOR", 415], ["OBJECTIFS", 62], ["add objectifs", 183], ["SCENARIO", 304], ["is create", 415], ["SPECIAL RULES", 62], ["add rules", 183], ["behaves", 304], ["DIFFICULTY", 415]], "size": [466, 405]}