{"ratio": [], "shift": [["can have,VERSION", 0], ["can have,EXTENSION", 0], ["add,VERSION", 0], ["add,SCENARIO", 0], ["can be,COMMENT", 0], ["can be,SCENARIO", 0], ["behaves,DIFFICULTY", 0], ["behaves,SCENARIO", 0], ["can written,AUTHOR", 0], ["can written,COMMENT", 0], ["is create,AUTHOR", 0], ["is create,SCENARIO", 0]], "colors": [["annotation_color", "#b35806"], ["annotation_text_color", "#f7f7f7"], ["association_attribute_text_color", "#000000"], ["association_cartouche_color", "#fdb863"], ["association_cartouche_text_color", "#000000"], ["association_color", "#fee0b6"], ["association_stroke_color", "#e08214"], ["background_color", "#f7f7f7"], ["card_text_color", "#542788"], ["entity_attribute_text_color", "#000000"], ["entity_cartouche_color", "#b2abd2"], ["entity_cartouche_text_color", "#000000"], ["entity_color", "#d8daeb"], ["entity_stroke_color", "#8073ac"], ["leg_stroke_color", "#e08214"], ["transparent_color", "none"]], "cy": [["can have", 34], ["VERSION", 34], ["add", 34], ["DIFFICULTY", 34], ["EXTENSION", 169], ["can be", 169], ["SCENARIO", 169], ["behaves", 169], ["COMMENT", 321], ["can written", 321], ["AUTHOR", 321], ["is create", 321]], "cx": [["can have", 51], ["VERSION", 162], ["add", 270], ["DIFFICULTY", 378], ["EXTENSION", 51], ["can be", 162], ["SCENARIO", 270], ["behaves", 378], ["COMMENT", 51], ["can written", 162], ["AUTHOR", 270], ["is create", 378]], "size": [429, 372]}